pdf_file,business_name,registry_number
1013041_0004_50709477.pdf,CO EE EE BE SE EE EEN AE A.,NOT FOUND
1012206_0004_50709526.pdf,MOFFATT BROS. TRUCK HOLDINGS LIMITED,1012206
1010446_0004_50709531.pdf,EE CO EE EE AD FOE BEE EE AGES,NOT FOUND
1012108_0004_50709508.pdf,SOBEY LEASED PROPERTIES LIMITED,1012108
1008585_0004_50709463.pdf,BAGNELL'S LAUNDERERS & CLEANERS LIMITED,1008585
1008432_0004_50709461.pdf,INCORPORATED UNDER THE LAWS OF THE PR,NOT FOUND
1001508_0004_50709506.pdf,FRANK M. O'NEILL & COMPANY,1394580
1002372_0004_50709536.pdf,EE SUPPLIES LIMITED EC OE FANG OO ES I,NOT FOUND
1002621_0004_50709486.pdf,COMPANY INCORPORATED UNDER THE LAWS OF CANADA,NOT FOUND
1001082_0004_50709524.pdf,I ... CO OO GR AY RB,NOT FOUND
